real_name,mean_conc,salinity,total_pump_rate,allow_ar,wetland_dd
gen=13_member=1200_pso,9.70908e-05,9.70908e-05,30,1,5.65712
gen=13_member=1201_pso,0.0412473,0.0412473,30,1,6.23888
gen=13_member=1202_pso,0.0550769,0.0550769,30,1,6.29712
gen=13_member=1203_pso,0.205793,0.205793,30,1,6.59564
gen=13_member=1204_pso,0.00365673,0.00365673,30,1,5.91714
gen=13_member=1205_pso,0.146795,0.146795,30,1,6.50788
gen=13_member=1206_pso,0.019644,0.019644,30,1,6.12646
gen=13_member=1207_pso,0.0071274,0.0071274,30,1,5.98407
gen=13_member=1208_pso,0.102019,0.102019,30,1,6.42047
gen=13_member=1209_pso,0.176834,0.176834,30,1,6.55707
gen=13_member=1210_pso,0.167877,0.167877,30,1,6.53972
gen=13_member=1211_pso,0.0290194,0.0290194,30,1,6.18327
gen=13_member=1212_pso,0.00129779,0.00129779,30,1,5.82171
gen=13_member=1213_pso,0.078637,0.078637,30,1,6.36515
gen=13_member=1214_pso,0.135677,0.135677,30,1,6.48718
gen=13_member=1215_pso,0.10149,0.10149,30,1,6.41922
gen=13_member=1216_pso,0.122102,0.122102,30,1,6.46139
gen=13_member=1217_pso,0.142521,0.142521,30,1,6.4993
gen=13_member=1218_pso,0.0559645,0.0559645,30,1,6.29892
gen=13_member=1219_pso,0.228301,0.228301,30,1,6.60069
gen=13_member=1220_pso,0.152795,0.152795,30,1,6.51662
gen=13_member=1221_pso,0.00607658,0.00607658,30,1,5.9616
gen=13_member=1222_pso,0.0676573,0.0676573,30,1,6.33378
gen=13_member=1223_pso,0.0792398,0.0792398,30,1,6.36993
gen=13_member=1224_pso,0.076614,0.076614,30,1,6.36233
gen=13_member=1225_pso,0.123873,0.123873,30,1,6.46634
gen=13_member=1226_pso,0.114336,0.114336,30,1,6.45553
gen=13_member=1227_pso,0.270949,0.270949,30,1,6.67344
gen=13_member=1228_pso,0.411439,0.411439,30,1,6.80163
gen=13_member=1229_pso,0.309949,0.309949,30,1,6.71604
gen=13_member=1230_pso,0.142681,0.142681,30,1,6.49773
gen=13_member=1231_pso,0.0448758,0.0448758,30,1,6.25659
gen=13_member=1232_pso,0.0601939,0.0601939,30,1,6.31037
gen=13_member=1233_pso,0.0674446,0.0674446,30,1,6.25395
gen=13_member=1234_pso,0.142563,0.142563,30,1,6.50137
gen=13_member=1235_pso,0.120995,0.120995,30,1,6.45878
gen=13_member=1236_pso,9.70908e-05,9.70908e-05,30,1,5.65712
gen=13_member=1237_pso,0.121193,0.121193,30,1,6.4189
gen=13_member=1238_pso,0.00879478,0.00879478,30,1,6.00776
gen=13_member=1239_pso,0.0278461,0.0278461,30,1,6.17607
gen=13_member=1240_pso,0.00534263,0.00534263,30,1,5.95113
gen=13_member=1241_pso,0.00533336,0.00533336,30,1,5.95373
gen=13_member=1242_pso,0.00113615,0.00113615,30,1,5.81173
gen=13_member=1243_pso,0.318565,0.318565,30,1,6.67394
gen=13_member=1244_pso,0.164038,0.164038,30,1,6.53643
gen=13_member=1245_pso,0.295448,0.295448,30,1,6.70173
gen=13_member=1246_pso,0.0309368,0.0309368,30,1,6.19135
gen=13_member=1247_pso,0.256457,0.256457,30,1,6.65431
gen=13_member=1248_pso,0.025479,0.025479,30,1,6.16151
gen=13_member=1249_pso,0.292734,0.292734,30,1,6.70218
gen=13_member=1250_pso,9.70908e-05,9.70908e-05,30,1,5.65712
gen=13_member=1251_pso,0.171993,0.171993,30,1,6.54405
gen=13_member=1252_pso,0.000104167,0.000104167,30,1,5.65884
gen=13_member=1253_pso,0.198047,0.198047,30,1,6.58534
gen=13_member=1254_pso,0.0862065,0.0862065,30,1,6.38115
gen=13_member=1255_pso,0.00377822,0.00377822,30,1,5.92051
gen=13_member=1256_pso,0.00265034,0.00265034,30,1,5.8789
gen=13_member=1257_pso,0.0754687,0.0754687,30,1,6.35614
gen=13_member=1258_pso,0.403978,0.403978,30,1,6.79661
gen=13_member=1259_pso,0.304286,0.304286,30,1,6.70763
gen=13_member=1260_pso,0.0883307,0.0883307,30,1,6.38625
gen=13_member=1261_pso,0.00219711,0.00219711,30,1,5.8617
gen=13_member=1262_pso,0.100974,0.100974,30,1,6.4187
gen=13_member=1263_pso,0.350862,0.350862,30,1,6.75666
gen=13_member=1264_pso,0.286829,0.286829,30,1,6.69132
gen=13_member=1265_pso,0.0550761,0.0550761,30,1,6.29513
gen=13_member=1266_pso,0.0758626,0.0758626,30,1,6.33332
gen=13_member=1268_pso,0.00193258,0.00193258,30,1,5.75496
gen=13_member=1269_pso,0.00715787,0.00715787,30,1,5.98226
gen=13_member=1270_pso,0.252194,0.252194,30,1,6.64819
gen=13_member=1271_pso,0.248064,0.248064,30,1,6.64691
gen=13_member=1272_pso,0.00864132,0.00864132,30,1,6.00566
gen=13_member=1273_pso,0.14666,0.14666,30,1,6.50788
gen=13_member=1274_pso,0.0682566,0.0682566,30,1,6.33272
gen=13_member=1275_pso,0.200785,0.200785,30,1,6.58601
gen=13_member=1276_pso,0.239047,0.239047,30,1,6.61843
gen=13_member=1277_pso,0.0815977,0.0815977,30,1,6.29662
gen=13_member=1278_pso,0.105853,0.105853,30,1,6.42191
gen=13_member=1279_pso,0.00520504,0.00520504,30,1,5.8496
gen=13_member=1280_pso,0.000723497,0.000723497,30,1,5.77753
gen=13_member=1281_pso,9.70908e-05,9.70908e-05,30,1,5.65712
gen=13_member=1282_pso,0.0640186,0.0640186,30,1,6.32541
gen=13_member=1283_pso,0.000500919,0.000500919,30,1,5.74948
gen=13_member=1284_pso,0.127877,0.127877,30,1,6.46997
gen=13_member=1285_pso,0.000387444,0.000387444,30,1,5.73254
gen=13_member=1286_pso,0.0821867,0.0821867,30,1,6.29797
gen=13_member=1287_pso,0.00052278,0.00052278,30,1,5.65984
gen=13_member=1288_pso,0.0220361,0.0220361,30,1,6.09984
gen=13_member=1289_pso,0.000109539,0.000109539,30,1,5.65684
gen=13_member=1290_pso,0.000487889,0.000487889,30,1,5.65891
gen=13_member=1291_pso,0.239421,0.239421,30,1,6.62657
gen=13_member=1292_pso,0.00855159,0.00855159,30,1,6.00309
gen=13_member=1293_pso,0.0807083,0.0807083,30,1,6.37174
gen=13_member=1294_pso,0.00093951,0.00093951,30,1,5.79664
gen=13_member=1295_pso,0.363184,0.363184,30,1,6.76445
gen=13_member=1296_pso,0.247384,0.247384,30,1,6.6453
gen=13_member=1297_pso,0.00365168,0.00365168,30,1,5.91725
gen=13_member=1298_pso,0.0791782,0.0791782,30,1,6.37
gen=13_member=1299_pso,0.131895,0.131895,30,1,6.48049
